image,text
plate_000001.jpg,KA19TR02
plate_000002.jpg,TN21AT0492
plate_000003.jpg,RJ27TC0530
plate_000004.jpg,MH20CS9817
plate_000005.jpg,KL05AK3300
plate_000006.jpg,MP09CP9052
plate_000007.jpg,TN43J0158
plate_000008.jpg,KA18P2987
plate_000009.jpg,MH12JC2813
plate_000010.jpg,MH14DT8831
plate_000011.jpg,UP50AS4535
plate_000012.jpg,RJ27TC0530
plate_000013.jpg,KL63C8800
plate_000014.jpg,MH46X9996
plate_000015.jpg,TN21AT0480
plate_000016.jpg,HR26CK8571
plate_000017.jpg,TN21AT0479
plate_000018.jpg,MH20BY3665
plate_000019.jpg,TN52U1580
plate_000020.jpg,MH20CS1941
plate_000021.jpg,TN59AQ1515
plate_000022.jpg,TN66U8215
plate_000023.jpg,HR26BR9044
plate_000024.jpg,HR26DA5443
plate_000025.jpg,HR26BP3543
plate_000026.jpg,DL10CG4693
plate_000027.jpg,KA01MA6989
plate_000028.jpg,MH06AW8929
plate_000029.jpg,KA51MJ8156
plate_000030.jpg,HP896786
plate_000031.jpg,HP896786
plate_000032.jpg,KA04MN3622
plate_000033.jpg,RJ27TC0530
plate_000034.jpg,KA42TC131011
plate_000035.jpg,KL38F5008
plate_000036.jpg,KL10AV6342
plate_000037.jpg,TN07BV5200
plate_000038.jpg,DL758Y1790
plate_000039.jpg,DL13S0155
plate_000040.jpg,KL09AL9405
plate_000041.jpg,MH20BY4465
plate_000042.jpg,TN37CR4019
plate_000043.jpg,KA03AB3380
plate_000044.jpg,TN19H3322
plate_000045.jpg,TERRANO
plate_000046.jpg,TN45BA1065
plate_000047.jpg,MH21V9926
plate_000048.jpg,KL20K7561
plate_000049.jpg,HR26CF5868
plate_000050.jpg,TN21TC611
plate_000051.jpg,DL6CM6683
plate_000052.jpg,RJ27TC0530
plate_000053.jpg,DL14CTC0153
plate_000054.jpg,MH14EU3498
plate_000055.jpg,RJ27TC0530
plate_000056.jpg,KA05HS4495
plate_000057.jpg,RJ27TC0530
plate_000058.jpg,GJ07BR1336
plate_000059.jpg,MH06AW8929
plate_000060.jpg,DL12CG6648
plate_000061.jpg,DL6CAB123X
plate_000062.jpg,W0BNP300
plate_000063.jpg,KL06H5834
plate_000064.jpg,MH20EU9991
plate_000065.jpg,TN42R2697
plate_000066.jpg,HR26DA0471
plate_000067.jpg,HR26TC7303
plate_000068.jpg,HR51AY9099
plate_000069.jpg,GJW115A1138
plate_000070.jpg,DL3CAY9324
plate_000071.jpg,GJ05JH2501
plate_000072.jpg,WB06F9209
plate_000073.jpg,WB06F9209
plate_000074.jpg,HR26U7501
plate_000075.jpg,WB07D5106
plate_000076.jpg,MH14TCD204
plate_000077.jpg,HR26CT4063
plate_000078.jpg,MH03BS7778
plate_000079.jpg,KL01AX8000
plate_000080.jpg,TN19TC91
plate_000081.jpg,HR26CH3604
plate_000082.jpg,MH14TC206AN
plate_000083.jpg,MH12DE1433
plate_000084.jpg,MH02CB4545
plate_000085.jpg,TN21AT0480
plate_000086.jpg,MH14GN9239
plate_000087.jpg,MH20TC640B
plate_000088.jpg,HR26DA0471
plate_000089.jpg,HR11F7575
plate_000090.jpg,MH14EP4660
plate_000091.jpg,KA031351
plate_000092.jpg,MH15TC554
plate_000093.jpg,KL16J3636
plate_000094.jpg,PB08CX2959
plate_000095.jpg,KL10AV6342
plate_000096.jpg,UP16CT2233
plate_000097.jpg,KA03MX5058
plate_000098.jpg,TN21AU7234
plate_000099.jpg,MH13BN4348
plate_000100.jpg,DL3CAY2231
plate_000101.jpg,MP09CC1667
plate_000102.jpg,MH03CB6467
plate_000103.jpg,MH14EH7958
plate_000104.jpg,MH20CS1941
plate_000105.jpg,HR26DK0830
plate_000106.jpg,RJ27TC0530
plate_000107.jpg,MH20EE7597
plate_000108.jpg,KL01CC50
plate_000109.jpg,HR26TC7099
plate_000110.jpg,TN59BE0939
plate_000111.jpg,RJ27TC0530
plate_000112.jpg,RJ27TC0530
plate_000113.jpg,KL53E964
plate_000114.jpg,KL54H369
plate_000115.jpg,MH20EE7598
plate_000116.jpg,MH14EY5972
plate_000117.jpg,GJ01MW7581
plate_000118.jpg,RJ27TC0530
plate_000119.jpg,KL01KLKL01
plate_000120.jpg,UK07BA7252
plate_000121.jpg,RJ27TA1143
plate_000122.jpg,KL01AU585
plate_000123.jpg,TN09CH7770
plate_000124.jpg,TN42R2697
plate_000125.jpg,MH01AR5274
plate_000126.jpg,MH02BK9793
plate_000127.jpg,CG10S0650
plate_000128.jpg,DL1N4268
plate_000129.jpg,MH14TCF459
plate_000130.jpg,RJ02CC0784
plate_000131.jpg,MH01AR5274
plate_000132.jpg,MH15TC554
plate_000133.jpg,KA29Z999
plate_000134.jpg,DL12C3536
plate_000135.jpg,TN42R2697
plate_000136.jpg,HR99BJ6662
plate_000137.jpg,MH01BU5207
plate_000138.jpg,MH03BS7778
plate_000139.jpg,TN21AT0492
plate_000140.jpg,TS09EB1458
plate_000141.jpg,MH20TC830C
plate_000142.jpg,MH14TCE4
plate_000143.jpg,KL60N5344
plate_000144.jpg,DL7CN5617
plate_000145.jpg,AS23M1264
plate_000146.jpg,WB74X7605
plate_000147.jpg,MH14TCF300
plate_000148.jpg,MH20CS1938
plate_000149.jpg,TN19TC94
plate_000150.jpg,HR696969
plate_000151.jpg,AP02BP2454
plate_000152.jpg,DL14CTC0153
plate_000153.jpg,KL02AF6363
plate_000154.jpg,DL6CAB123X
plate_000155.jpg,KL55R2473
plate_000156.jpg,PB03AGT8979
plate_000157.jpg,TN74AL5074
plate_000158.jpg,TN02TC0143
plate_000159.jpg,HR26DG6167
plate_000160.jpg,KL65H4383
plate_000161.jpg,MH02BM5048
plate_000162.jpg,HR26BP3543
plate_000163.jpg,TN74AH1413
plate_000164.jpg,KL10AV6342
plate_000165.jpg,TN07BU5427
plate_000166.jpg,HR26CT6702
plate_000167.jpg,MH20TC189B
plate_000168.jpg,MH20EE7598
plate_000169.jpg,TN38BY4191
plate_000170.jpg,GJ05JD9759
plate_000171.jpg,UP16TC1366
plate_000172.jpg,MH14EH5819
plate_000173.jpg,DL6CM6683
plate_000174.jpg,HR99EX6037
plate_000175.jpg,DEVANAGRI
plate_000176.jpg,HR26BA8008
plate_000177.jpg,MH12DE1433
plate_000178.jpg,TN07BU5427
plate_000179.jpg,MH03BS7778
plate_000180.jpg,TN28BA9999
plate_000181.jpg,TN74F3339
plate_000182.jpg,RJ27TC0530
plate_000183.jpg,RJ27TC0530
plate_000184.jpg,MH20DJ0419
plate_000185.jpg,TN59AQ1515
plate_000186.jpg,MH20CS4946
plate_000187.jpg,KA03NA8385
plate_000188.jpg,HR26CR3302
plate_000189.jpg,MH02AJ344
plate_000190.jpg,KA21M5519
plate_000191.jpg,MH20BY3665
plate_000192.jpg,KL43B2344
plate_000193.jpg,KL454455
plate_000194.jpg,KL10AW2814
plate_000195.jpg,KL01KL0KL01
plate_000196.jpg,HR26CP3135
plate_000197.jpg,CRETA
plate_000198.jpg,DUSTER
plate_000199.jpg,RJ27TC0530
plate_000200.jpg,KA18P2987
plate_000201.jpg,MH20EE7597
plate_000202.jpg,RJ27TC0530
plate_000203.jpg,MH01AV8866
plate_000204.jpg,RJ27TC0530
plate_000205.jpg,RJ27TC0530
plate_000206.jpg,HR26CM6005
plate_000207.jpg,TS08ER1643
plate_000208.jpg,AP28N3107
plate_000209.jpg,KA05MQ92
plate_000210.jpg,KA5122727
plate_000211.jpg,MH02CT2727
plate_000212.jpg,TN99F2378
plate_000213.jpg,KL13AA6340
plate_000214.jpg,KL57A111
plate_000215.jpg,MH14TCF460
plate_000216.jpg,MH01AE8017
plate_000217.jpg,HR99HA4575
plate_000218.jpg,HR26CT6702
plate_000219.jpg,MH20BN3525
plate_000220.jpg,KL60N5344
plate_000221.jpg,GJ7BB766
plate_000222.jpg,MH14TC947
plate_000223.jpg,MH14DT8831
plate_000224.jpg,AP02BP2454
plate_000225.jpg,CH01AN0001
plate_000226.jpg,DL10CG4693
plate_000227.jpg,DL12C3536
plate_000228.jpg,DL3CAY2231
plate_000229.jpg,DL3CAY9324
plate_000230.jpg,DL6CM6683
plate_000231.jpg,DL6CM6683
plate_000232.jpg,DL7CN5617
plate_000233.jpg,DL8CX4850
plate_000234.jpg,GJ03JL0126
plate_000235.jpg,GJ05JH2501
plate_000236.jpg,GJ05JH2501
plate_000237.jpg,GJW115A1138
plate_000238.jpg,HR11F7575
plate_000239.jpg,HR26AZ5927
plate_000240.jpg,HR26BA8008
plate_000241.jpg,HR26BC5514
plate_000242.jpg,HR26BC5514
plate_000243.jpg,HR26BP3543
plate_000244.jpg,HR26BP3543
plate_000245.jpg,HR26BR9044
plate_000246.jpg,HR26BU0380
plate_000247.jpg,HR26CB1900
plate_000248.jpg,HR26CE1485
plate_000249.jpg,HR26CH3604
plate_000250.jpg,HR26CK8571
plate_000251.jpg,HR26CM6005
plate_000252.jpg,HR26CR3302
plate_000253.jpg,HR26CT4063
plate_000254.jpg,HR26CT6702
plate_000255.jpg,HR26CT6702
plate_000256.jpg,HR26CU6799
plate_000257.jpg,HR26DA0471
plate_000258.jpg,HR26DA2330
plate_000259.jpg,HR26DG6167
plate_000260.jpg,HR26U7501
plate_000261.jpg,HR51AY9099
plate_000262.jpg,HR696969
plate_000263.jpg,HR99BJ6662
plate_000264.jpg,HR99EX6037
plate_000265.jpg,HR26DK0830
plate_000266.jpg,KL01CA2555
plate_000267.jpg,KA031351
plate_000268.jpg,KA03MG2784
plate_000269.jpg,KA03NA8385
plate_000270.jpg,KA04MN3622
plate_000271.jpg,KA05MG1909
plate_000272.jpg,KA18P2987
plate_000273.jpg,KA29Z999
plate_000274.jpg,KA51MJ8156
plate_000275.jpg,KL01AX8000
plate_000276.jpg,KL01CA2555
plate_000277.jpg,KL01CC50
plate_000278.jpg,KL01KL0KL01
plate_000279.jpg,KL09AL9405
plate_000280.jpg,KL05AK3300
plate_000281.jpg,KL07CB8599
plate_000282.jpg,KL10AV6342
plate_000283.jpg,KL10AV6342
plate_000284.jpg,KL10AV6633
plate_000285.jpg,KL10AW2111
plate_000286.jpg,KL10AW2814
plate_000287.jpg,KL10AW2814
plate_000288.jpg,KL12G7531
plate_000289.jpg,KL16J3636
plate_000290.jpg,KL20K7561
plate_000291.jpg,KL43B2344
plate_000292.jpg,KL454455
plate_000293.jpg,KL53E964
plate_000294.jpg,KL54A2670
plate_000295.jpg,KL54H369
plate_000296.jpg,KL55R2473
plate_000297.jpg,KL60N5344
plate_000298.jpg,KL60N5344
plate_000299.jpg,KL65H4383
plate_000300.jpg,MH01AE8017
plate_000301.jpg,MH01AR5274
plate_000302.jpg,MH01AV8866
plate_000303.jpg,MH01BU5207
plate_000304.jpg,MH02BM5048
plate_000305.jpg,MH02CB4545
plate_000306.jpg,MH03BS7778
plate_000307.jpg,MH03BS7778
plate_000308.jpg,MH03BS7778
plate_000309.jpg,MH03CB6467
plate_000310.jpg,MH04DW8351
plate_000311.jpg,MH06AW8929
plate_000312.jpg,MH06AW8929
plate_000313.jpg,MH12BG7237
plate_000314.jpg,MH12DE1433
plate_000315.jpg,MH12DE1433
plate_000316.jpg,MH12JC2813
plate_000317.jpg,MH12NE8922
plate_000318.jpg,MH14DT8831
plate_000319.jpg,MH14DX9937
plate_000320.jpg,MH14EH5819
plate_000321.jpg,MH14EH7958
plate_000322.jpg,MH14EH7958
plate_000323.jpg,MH14EP4660
plate_000324.jpg,MH14EU3498
plate_000325.jpg,MH15BD8877
plate_000326.jpg,MH20BN3525
plate_000327.jpg,MH20BN3525
plate_000328.jpg,MH20BQ20
plate_000329.jpg,MH20BY3665
plate_000330.jpg,MH20BY3665
plate_000331.jpg,MH20BY4465
plate_000332.jpg,MH20CS1938
plate_000333.jpg,MH20CS1941
plate_000334.jpg,MH20CS1941
plate_000335.jpg,MH20CS4946
plate_000336.jpg,MH20CS9817
plate_000337.jpg,MH20DJ0419
plate_000338.jpg,MH20DV2362
plate_000339.jpg,MH20EE045
plate_000340.jpg,MH20EE0943
plate_000341.jpg,MH20EE7597
plate_000342.jpg,MH20EE7598
plate_000343.jpg,MH20EE7598
plate_000344.jpg,MH20EJ0364
plate_000345.jpg,MH21V9926
plate_000346.jpg,MH46X9996
plate_000347.jpg,PB08CX2959
plate_000348.jpg,RJ02CC0784
plate_000349.jpg,TN07BU5427
plate_000350.jpg,TN07BU5427
plate_000351.jpg,TN07BV5200
plate_000352.jpg,TN09CH7770
plate_000353.jpg,TN19S4523
plate_000354.jpg,TN21AT0479
plate_000355.jpg,TN21AT0480
plate_000356.jpg,TN21AT0480
plate_000357.jpg,TN21AT0492
plate_000358.jpg,TN21AU1153
plate_000359.jpg,TN21BC6225
plate_000360.jpg,TN21BY0166
plate_000361.jpg,TN21BZ0768
plate_000362.jpg,TN21BZ0768
plate_000363.jpg,TN28BA9999
plate_000364.jpg,TN37CR4019
plate_000365.jpg,TN38BW1139
plate_000366.jpg,TN38BY4191
plate_000367.jpg,TN42R2697
plate_000368.jpg,TN45BA1065
plate_000369.jpg,TN52U1580
plate_000370.jpg,TN58AM1
plate_000371.jpg,TN59BE0939
plate_000372.jpg,TN66U8215
plate_000373.jpg,TN74AH1413
plate_000374.jpg,TN74AL5074
plate_000375.jpg,TN74F3339
plate_000376.jpg,TN99F2378
plate_000377.jpg,TS08ER1643
plate_000378.jpg,UP16CT2233
plate_000379.jpg,UP32FH2653
plate_000380.jpg,UP50AS4535
plate_000381.jpg,WB74X7605
plate_000382.jpg,KA51AA3469
plate_000383.jpg,KL07BF2007
plate_000384.jpg,TN21TC31
plate_000385.jpg,MH14TCF460
plate_000386.jpg,MH14EH7958
plate_000387.jpg,KL12G7531
plate_000388.jpg,MH20EE045
plate_000389.jpg,MH20EE7601
plate_000390.jpg,RJ27TC0530
plate_000391.jpg,KL01CA2555
plate_000392.jpg,ASM1634
plate_000393.jpg,HR26TC5656
plate_000394.jpg,HR26BU0375
plate_000395.jpg,KL07CB8599
plate_000396.jpg,MH46Z8892
plate_000397.jpg,UP65CM21149
plate_000398.jpg,UP80CR00
plate_000399.jpg,KL25B2001
plate_000400.jpg,GJ051D9443
plate_000401.jpg,GJ1KF1111
plate_000402.jpg,HR26DA2330
plate_000403.jpg,KA04ME9869
plate_000404.jpg,KA01D1330
plate_000405.jpg,GJ17TC214
plate_000406.jpg,HR26DK6475
plate_000407.jpg,MH14TCP237
plate_000408.jpg,KL49H5270
plate_000409.jpg,MH04DW8351
plate_000410.jpg,KL07BF5000
plate_000411.jpg,TN19TC91
plate_000412.jpg,TN38BW1139
plate_000413.jpg,TN42R2697
plate_000414.jpg,UP32FH2653
plate_000415.jpg,KL10AW2814
plate_000416.jpg,HPSX4000
plate_000417.jpg,KA51MJ2143
plate_000418.jpg,MH20EE0943
plate_000419.jpg,KL7BZ99
plate_000420.jpg,RJ27TC0530
plate_000421.jpg,PY01BL1155
plate_000422.jpg,TN58AM1
plate_000423.jpg,TN21AU7234
plate_000424.jpg,BLUR
plate_000425.jpg,TN66T5836
plate_000426.jpg,MH20CS1938
plate_000427.jpg,TN19TC94
plate_000428.jpg,TN02BL9
plate_000429.jpg,GJ05JH2501
plate_000430.jpg,MH20DV2362
plate_000431.jpg,UP16AB3726
plate_000432.jpg,MH02B16890
plate_000433.jpg,KL10AW2111
plate_000434.jpg,RJ09C84382
plate_000435.jpg,PB08CX2959
plate_000436.jpg,MH20BN3525
plate_000437.jpg,TN42R2697
plate_000438.jpg,KL10AV6633
plate_000439.jpg,HD02NP0
plate_000440.jpg,KL10AV6633
plate_000441.jpg,AN01P9687
plate_000442.jpg,AN01K9412
plate_000443.jpg,AN01D4163
plate_000444.jpg,AN01M4M
plate_000445.jpg,AN01L6155
plate_000446.jpg,AN01H1689
plate_000447.jpg,AN01H0908
plate_000448.jpg,AP05BY7799
plate_000449.jpg,AP39E1493
plate_000450.jpg,AP310U7562
plate_000451.jpg,AP39JJ5441
plate_000452.jpg,AP10AS3445
plate_000453.jpg,AP28AT5333
plate_000454.jpg,AP39GR3492
plate_000455.jpg,AP31TP2282
plate_000456.jpg,AP16BS4500
plate_000457.jpg,AP04M7627
plate_000458.jpg,AP07AN3915
plate_000459.jpg,AP04AS8753
plate_000460.jpg,AP31AT5064
plate_000461.jpg,AP16CH9545
plate_000462.jpg,AP39DL3537
plate_000463.jpg,AP07AD5555
plate_000464.jpg,AP26AM1260
plate_000465.jpg,AP31BR9501
plate_000466.jpg,AP31EF1155
plate_000467.jpg,AP31DF2833
plate_000468.jpg,AP2D4014
plate_000469.jpg,AP31DT9378
plate_000470.jpg,AP31DA0020
plate_000471.jpg,AP37EJ2277
plate_000472.jpg,AP05DY3395
plate_000473.jpg,AP39HZ0087
plate_000474.jpg,AP04BA4464
plate_000475.jpg,AP5CG6320
plate_000476.jpg,AP31TV6847
plate_000477.jpg,AP31BG7827
plate_000478.jpg,AP318L4935
plate_000479.jpg,AP31BL2833
plate_000480.jpg,AP31CS2511
plate_000481.jpg,AP39TP0211
plate_000482.jpg,AP31TV7236
plate_000483.jpg,AP31BL8656
plate_000484.jpg,AP16DP7065
plate_000485.jpg,AR048395
plate_000486.jpg,AR152019
plate_000487.jpg,AR01J0123
plate_000488.jpg,AR118724
plate_000489.jpg,AR200692
plate_000490.jpg,AR01F2523
plate_000491.jpg,AR169723
plate_000492.jpg,AR01C5723
plate_000493.jpg,AR168272
plate_000494.jpg,AR02A7116
plate_000495.jpg,AR08983
plate_000496.jpg,AR01E1034
plate_000497.jpg,AS23H2866
plate_000498.jpg,AS01DG6002
plate_000499.jpg,AS01DS7523
plate_000500.jpg,AS25S6858
plate_000501.jpg,AS018P2415
plate_000502.jpg,AS01BF9673
plate_000503.jpg,AS01AL3746
plate_000504.jpg,AS01AR1986
plate_000505.jpg,AS04P4549
plate_000506.jpg,AS06U1295
plate_000507.jpg,AS07AC6653
plate_000508.jpg,AS01AT8119
plate_000509.jpg,AS23X5585
plate_000510.jpg,AS01AN8668
plate_000511.jpg,AS19D9919
plate_000512.jpg,AS23G2612
plate_000513.jpg,AS01BS4362
plate_000514.jpg,AS06Z0841
plate_000515.jpg,AS23E0596
plate_000516.jpg,AS23H0770
plate_000517.jpg,AS12S6951
plate_000518.jpg,AS06Q4437
plate_000519.jpg,AS01AM1419
plate_000520.jpg,AS04X2780
plate_000521.jpg,BR32PA6558
plate_000522.jpg,BR02AF7424
plate_000523.jpg,BR03PA3803
plate_000524.jpg,BR01PL7594
plate_000525.jpg,BR01BL6628
plate_000526.jpg,BR01BR5435
plate_000527.jpg,BR33M0001
plate_000528.jpg,BF06P00006
plate_000529.jpg,BR01BD5042
plate_000530.jpg,BR01AZ6290
plate_000531.jpg,BR06U2470
plate_000532.jpg,BR01BE0777
plate_000533.jpg,BR7P3952
plate_000534.jpg,BR44E1206
plate_000535.jpg,BR01DG6692
plate_000536.jpg,BR01AW1250
plate_000537.jpg,CG04HD6930
plate_000538.jpg,CG22H7740
plate_000539.jpg,CG04HA4553
plate_000540.jpg,CG12AG1130
plate_000541.jpg,CG16B1802
plate_000542.jpg,CG07BR3255
plate_000543.jpg,CG07R2684
plate_000544.jpg,CG07MA2529
plate_000545.jpg,CG07CA7784
plate_000546.jpg,CG07MA7848
plate_000547.jpg,CG251612
plate_000548.jpg,CG04FJ5834
plate_000549.jpg,CG13AE4060
plate_000550.jpg,CG04HV7009
plate_000551.jpg,CG22AB1111
plate_000552.jpg,CG08K2057
plate_000553.jpg,CG04H5060
plate_000554.jpg,CG04HC4887
plate_000555.jpg,CH01BQ5604
plate_000556.jpg,CH01AB4559
plate_000557.jpg,CH01BL3528
plate_000558.jpg,CH03K7672
plate_000559.jpg,CH01AX9090
plate_000560.jpg,CH01AP4538
plate_000561.jpg,CH01AZ2642
plate_000562.jpg,CH01AL4920
plate_000563.jpg,CH01A09331
plate_000564.jpg,CH01AF1382
plate_000565.jpg,DL6CJ8404
plate_000566.jpg,DL9CAE1359
plate_000567.jpg,DL9CAP8884
plate_000568.jpg,DL5CH7599
plate_000569.jpg,DL12CJ9823
plate_000570.jpg,DL9CAU4743
plate_000571.jpg,DL8CZ7230
plate_000572.jpg,DL9CAV1739
plate_000573.jpg,DL1CS8739
plate_000574.jpg,DL1CT2782
plate_000575.jpg,DL6CR7002
plate_000576.jpg,DL12CL2555
plate_000577.jpg,DL12CS7886
plate_000578.jpg,DL6CL0457
plate_000579.jpg,DL2CAX2886
plate_000580.jpg,DL3CCK8019
plate_000581.jpg,DL9C0S1537
plate_000582.jpg,DL11CA4900
plate_000583.jpg,DL10CA0986
plate_000584.jpg,DL40NA7238
plate_000585.jpg,DL8CAL4134
plate_000586.jpg,DL8CAU6883
plate_000587.jpg,DL10C05520
plate_000588.jpg,DL8CNA1596
plate_000589.jpg,DL2CAR0108
plate_000590.jpg,DL4CNA7231
plate_000591.jpg,DL8CNA5085
plate_000592.jpg,DL3CBS5881
plate_000593.jpg,DL4CAQ3231
plate_000594.jpg,DL9CAU5573
plate_000595.jpg,DL12CN8660
plate_000596.jpg,DL4CAM9066
plate_000597.jpg,DL12CK8643
plate_000598.jpg,DL10CH1252
plate_000599.jpg,DL2CH8634
plate_000600.jpg,DN09H2191
plate_000601.jpg,DN09H0968
plate_000602.jpg,DN09J0032
plate_000603.jpg,DN09D2724
plate_000604.jpg,DN0901438
plate_000605.jpg,DN0909704
plate_000606.jpg,DN09C0868
plate_000607.jpg,GA03R9230
plate_000608.jpg,GA01R6315
plate_000609.jpg,GA03P2839
plate_000610.jpg,GA03Y9512
plate_000611.jpg,GA07K6090
plate_000612.jpg,GA08M0184
plate_000613.jpg,GA01S5594
plate_000614.jpg,GA01C2098
plate_000615.jpg,GA01E5947
plate_000616.jpg,GA02J2129
plate_000617.jpg,GA07K7150
plate_000618.jpg,GA05B5077
plate_000619.jpg,GA06E3855
plate_000620.jpg,GJ7AG4373
plate_000621.jpg,GJ01RA8370
plate_000622.jpg,GJ06HS1855
plate_000623.jpg,GJ06PA0097
plate_000624.jpg,GJ06KP8508
plate_000625.jpg,GJ06DG9355
plate_000626.jpg,GJ01HS1902
plate_000627.jpg,GJ01KC9959
plate_000628.jpg,GJ06DQ3712
plate_000629.jpg,GJ01RN4259
plate_000630.jpg,GJ15CB3980
plate_000631.jpg,GJ01RK2430
plate_000632.jpg,GJ12CG2526
plate_000633.jpg,GJ18BD5216
plate_000634.jpg,GJ01RS0198
plate_000635.jpg,GJ23CC8798
plate_000636.jpg,GJ01HM5887
plate_000637.jpg,GJ09AG8384
plate_000638.jpg,GJ18BK6705
plate_000639.jpg,GJ05JB6589
plate_000640.jpg,GJ01RM3413
plate_000641.jpg,GJ06JE4788
plate_000642.jpg,GJ1SCG7928
plate_000643.jpg,GJ06FK2977
plate_000644.jpg,GJ34B9811
plate_000645.jpg,GJ16CH9827
plate_000646.jpg,GJ05RE8119
plate_000647.jpg,HP12H1324
plate_000648.jpg,HP52B5958
plate_000649.jpg,HP12H7917
plate_000650.jpg,HP36E3330
plate_000651.jpg,HP34C8986
plate_000652.jpg,HP3SG1539
plate_000653.jpg,HP22E8000
plate_000654.jpg,HP302165
plate_000655.jpg,HP20E3953
plate_000656.jpg,HP24C8D32
plate_000657.jpg,HP54C6564
plate_000658.jpg,HP16A2014
plate_000659.jpg,HP40B8992
plate_000660.jpg,HP64B3380
plate_000661.jpg,HP666807
plate_000662.jpg,HP48B2252
plate_000663.jpg,HP01N0304
plate_000664.jpg,HP01A7630
plate_000665.jpg,HP12C3766
plate_000666.jpg,HP719898
plate_000667.jpg,HP23A6365
plate_000668.jpg,HR26BQ8176
plate_000669.jpg,HR26BY4812
plate_000670.jpg,HR01H4731
plate_000671.jpg,HR29R9466
plate_000672.jpg,HR51AQ0911
plate_000673.jpg,HR51BU8218
plate_000674.jpg,HR29K7840
plate_000675.jpg,HR56B2626
plate_000676.jpg,HR26BK8597
plate_000677.jpg,HR26DM2296
plate_000678.jpg,HR29AQ4939
plate_000679.jpg,HR71F9259
plate_000680.jpg,HR26EJ7668
plate_000681.jpg,HR4281329
plate_000682.jpg,HR09G8378
plate_000683.jpg,HR29W8286
plate_000684.jpg,HR10AE9885
plate_000685.jpg,HR26CC7676
plate_000686.jpg,HR26DJ8832
plate_000687.jpg,HR01W0080
plate_000688.jpg,HR20X8432
plate_000689.jpg,HR29AS0015
plate_000690.jpg,JH01Z3792
plate_000691.jpg,JH02AD2533
plate_000692.jpg,JH01BC5210
plate_000693.jpg,JH01AX5392
plate_000694.jpg,JH01AM2354
plate_000695.jpg,JH10BV1496
plate_000696.jpg,JH08C0625
plate_000697.jpg,JH10S5378
plate_000698.jpg,JH01AR2011
plate_000699.jpg,JH05S3291
plate_000700.jpg,JH05Y9636
plate_000701.jpg,JH01AM0100
plate_000702.jpg,JH01DB1881
plate_000703.jpg,JH09AA2570
plate_000704.jpg,JH02AH0750
plate_000705.jpg,JH01BX0013
plate_000706.jpg,JH04C7104
plate_000707.jpg,JH01BU9956
plate_000708.jpg,JK02BF5058
plate_000709.jpg,JK02AK8967
plate_000710.jpg,JK03D7750
plate_000711.jpg,JK01AD3147
plate_000712.jpg,JK01AF7715
plate_000713.jpg,JK11D8143
plate_000714.jpg,JK02AJ1525
plate_000715.jpg,JK09B7745
plate_000716.jpg,JK02AS3888
plate_000717.jpg,JK1182360
plate_000718.jpg,JK127959
plate_000719.jpg,JK02BJ7997
plate_000720.jpg,JK02BJ4045
plate_000721.jpg,JK01AL4613
plate_000722.jpg,JK02CC0447
plate_000723.jpg,JK02BN3088
plate_000724.jpg,JK02AG2454
plate_000725.jpg,JK01D8354
plate_000726.jpg,JK10A5217
plate_000727.jpg,JK01AF0310
plate_000728.jpg,JK02BL1212
plate_000729.jpg,JK02ACB876
plate_000730.jpg,JK03A8042
plate_000731.jpg,JK13C4452
plate_000732.jpg,JK10B2313
plate_000733.jpg,JK10A4638
plate_000734.jpg,JK072483
plate_000735.jpg,JK01M4723
plate_000736.jpg,JK05H3594
plate_000737.jpg,JK01R8021
plate_000738.jpg,JK11B4928
plate_000739.jpg,JK02W2657
plate_000740.jpg,JK02CD0461
plate_000741.jpg,KA03MQ6984
plate_000742.jpg,KA04MG7528
plate_000743.jpg,KA04MK0368
plate_000744.jpg,KA02MF3336
plate_000745.jpg,KA03NC7167
plate_000746.jpg,KA01MG1660
plate_000747.jpg,KA04MK312
plate_000748.jpg,KA03MQ6984
plate_000749.jpg,KA05MF1762
plate_000750.jpg,KA19MF1763
plate_000751.jpg,KA28M3589
plate_000752.jpg,KA51ML4025
plate_000753.jpg,KA25P5080
plate_000754.jpg,KA38M8037
plate_000755.jpg,KA06C9590
plate_000756.jpg,KA38M8037
plate_000757.jpg,KA53P7604
plate_000758.jpg,KA51D9662
plate_000759.jpg,KA01MB9714
plate_000760.jpg,KL45C4411
plate_000761.jpg,KL0BBJ5001
plate_000762.jpg,KL03S6394
plate_000763.jpg,KL43G6619
plate_000764.jpg,KL43D4444
plate_000765.jpg,KL43D4389
plate_000766.jpg,KL02AF6723
plate_000767.jpg,KL27D9809
plate_000768.jpg,KL34A7564
plate_000769.jpg,KL46R3613
plate_000770.jpg,KL41M93
plate_000771.jpg,KL07BU7707
plate_000772.jpg,KL16U8863
plate_000773.jpg,LA020749
plate_000774.jpg,MH06AB8620
plate_000775.jpg,MH11CQ8516
plate_000776.jpg,MH36H5700
plate_000777.jpg,MH12NJ5838
plate_000778.jpg,MH05BS3471
plate_000779.jpg,MH43X8997
plate_000780.jpg,MH05EQ4066
plate_000781.jpg,MH12GR862
plate_000782.jpg,MH01BT7906
plate_000783.jpg,MH12HN4507
plate_000784.jpg,MH12KN8366
plate_000785.jpg,MH48AK2798
plate_000786.jpg,MH12KJ7659
plate_000787.jpg,MH04DR8508
plate_000788.jpg,MH05CH1754
plate_000789.jpg,MH49AS5099
plate_000790.jpg,MH04HF5092
plate_000791.jpg,MH12FK1392
plate_000792.jpg,MH12HF5057
plate_000793.jpg,MH48AC6244
plate_000794.jpg,MH12MF6822
plate_000795.jpg,MH47N0712
plate_000796.jpg,MH12KY6921
plate_000797.jpg,MH02DN7410
plate_000798.jpg,ML05F6894
plate_000799.jpg,ML06A1659
plate_000800.jpg,ML05L1434
plate_000801.jpg,ML05F9854
plate_000802.jpg,ML05H1958
plate_000803.jpg,ML10B9308
plate_000804.jpg,ML111909
plate_000805.jpg,ML133317
plate_000806.jpg,ML05L5154
plate_000807.jpg,ML10B4503
plate_000808.jpg,ML04C0056
plate_000809.jpg,ML05Q8790
plate_000810.jpg,ML137827
plate_000811.jpg,ML05J3288
plate_000812.jpg,ML1032811
plate_000813.jpg,ML05R1934
plate_000814.jpg,ML0563550
plate_000815.jpg,ML04B8389
plate_000816.jpg,ML068346
plate_000817.jpg,ML05K9494
plate_000818.jpg,ML08C8061
plate_000819.jpg,ML04C4738
plate_000820.jpg,ML05C5389
plate_000821.jpg,ML05J8950
plate_000822.jpg,ML10C2674
plate_000823.jpg,ML04B8918
plate_000824.jpg,ML05H6564
plate_000825.jpg,ML05G3474
plate_000826.jpg,ML08B1100
plate_000827.jpg,ML08E9223
plate_000828.jpg,ML064696
plate_000829.jpg,ML05G6098
plate_000830.jpg,ML05D0571
plate_000831.jpg,ML069642
plate_000832.jpg,ML087084
plate_000833.jpg,MN05A6028
plate_000834.jpg,MN01G0297
plate_000835.jpg,MN06LA0861
plate_000836.jpg,MN01G5395
plate_000837.jpg,MN01K5346
plate_000838.jpg,MP04CL3546
plate_000839.jpg,MP08CA6293
plate_000840.jpg,MP07CB8897
plate_000841.jpg,MP04CL8840
plate_000842.jpg,MP65C0654
plate_000843.jpg,MP09CK4943
plate_000844.jpg,MP20TA0919
plate_000845.jpg,MP07CA5563
plate_000846.jpg,MP09BD1270
plate_000847.jpg,MP09CQ9712
plate_000848.jpg,MP45G0872
plate_000849.jpg,MZ01G9825
plate_000850.jpg,NL01CB433
plate_000851.jpg,NL078440
plate_000852.jpg,NL02C3947
plate_000853.jpg,NL07CA7631
plate_000854.jpg,NL02C9593
plate_000855.jpg,NL01T8152
plate_000856.jpg,NL07T0937
plate_000857.jpg,NL02C6709
plate_000858.jpg,OD05K6964
plate_000859.jpg,OR02BV0701
plate_000860.jpg,OR05AN4494
plate_000861.jpg,OD052323
plate_000862.jpg,OD02L4656
plate_000863.jpg,OD05Y5787
plate_000864.jpg,OR14U8730
plate_000865.jpg,OD14B7432
plate_000866.jpg,OD22J9911
plate_000867.jpg,OD11P6123
plate_000868.jpg,OD01Q4668
plate_000869.jpg,OR05AC0422
plate_000870.jpg,OR21E1033
plate_000871.jpg,OD02J0435
plate_000872.jpg,OD02AP3010
plate_000873.jpg,OD021481
plate_000874.jpg,OD25F7400
plate_000875.jpg,OD02V0007
plate_000876.jpg,OD02C2836
plate_000877.jpg,OD14E3131
plate_000878.jpg,OR08F1001
plate_000879.jpg,OD33L2616
plate_000880.jpg,PB11BG7347
plate_000881.jpg,PB11BN6101
plate_000882.jpg,PB08C03690
plate_000883.jpg,PB07BY3563
plate_000884.jpg,PB08DT7342
plate_000885.jpg,PB10EH0164
plate_000886.jpg,PB30L5010
plate_000887.jpg,PB23S8600
plate_000888.jpg,PB08BF6160
plate_000889.jpg,PB10CX0209
plate_000890.jpg,PB04S4253
plate_000891.jpg,PB31R8123
plate_000892.jpg,PB37A8269
plate_000893.jpg,PB06AN6162
plate_000894.jpg,PB02CC7299
plate_000895.jpg,PB02DY7380
plate_000896.jpg,PB10CK5005
plate_000897.jpg,PB04T0678
plate_000898.jpg,PB65AN2583
plate_000899.jpg,PB10EE0888
plate_000900.jpg,PB08DY4824
plate_000901.jpg,PB07BL8058
plate_000902.jpg,PB2313752
plate_000903.jpg,PB13AF6756
plate_000904.jpg,PB10DV5354
plate_000905.jpg,PB10CQ0006
plate_000906.jpg,PB35F9333
plate_000907.jpg,PY01Q7947
plate_000908.jpg,PY01CE4149
plate_000909.jpg,PY01AH9067
plate_000910.jpg,PY01CG2929
plate_000911.jpg,PY01CV2447
plate_000912.jpg,PY05A8339
plate_000913.jpg,PY01BU2406
plate_000914.jpg,PY02S9326
plate_000915.jpg,PY02L4602
plate_000916.jpg,PY01CM9549
plate_000917.jpg,PY01CM5400
plate_000918.jpg,PY02S7828
plate_000919.jpg,PY01AW2814
plate_000920.jpg,PY01AP0555
plate_000921.jpg,PY036993
plate_000922.jpg,PY01BD9020
plate_000923.jpg,PY055353
plate_000924.jpg,RJ14CM3730
plate_000925.jpg,RJ14CW4115
plate_000926.jpg,RJ20CD5118
plate_000927.jpg,RJ14CF5807
plate_000928.jpg,RJ23CB2272
plate_000929.jpg,RJ23CB4320
plate_000930.jpg,RJ20UB0137
plate_000931.jpg,SK01PA2969
plate_000932.jpg,SK01PB5004
plate_000933.jpg,SK02P1078
plate_000934.jpg,SK01T3835
plate_000935.jpg,SK05T0338
plate_000936.jpg,SK01T3794
plate_000937.jpg,SK01PA7708
plate_000938.jpg,SK01PA4521
plate_000939.jpg,SK01PB3596
plate_000940.jpg,SK04P1320
plate_000941.jpg,SK02P3471
plate_000942.jpg,SK01PA5349
plate_000943.jpg,SK01T8791
plate_000944.jpg,TN63BV7954
plate_000945.jpg,TN69AJ4455
plate_000946.jpg,TN76V1978
plate_000947.jpg,TN02AU9295
plate_000948.jpg,TN10AR0131
plate_000949.jpg,TN47T4464
plate_000950.jpg,TN19F0816
plate_000951.jpg,TN07BT5778
plate_000952.jpg,TN07AP0659
plate_000953.jpg,TN19Q0835
plate_000954.jpg,TR05B0308
plate_000955.jpg,TR07D0569
plate_000956.jpg,TR03H0259
plate_000957.jpg,TR02L0569
plate_000958.jpg,TR01N0481
plate_000959.jpg,TR01X0482
plate_000960.jpg,TR01BG0365
plate_000961.jpg,TR03F0375
plate_000962.jpg,TR01E2157
plate_000963.jpg,TR01AS0609
plate_000964.jpg,TS08FQ1262
plate_000965.jpg,TS11EQ2914
plate_000966.jpg,TS08FZ8298
plate_000967.jpg,TS09UA7948
plate_000968.jpg,TS15ES0894
plate_000969.jpg,TS36H6578
plate_000970.jpg,TS13EK6213
plate_000971.jpg,TS07HM2684
plate_000972.jpg,TS07EL3335
plate_000973.jpg,TS09EZ9293
plate_000974.jpg,TS09EZ9296
plate_000975.jpg,TS09EA4088
plate_000976.jpg,TS18T3899
plate_000977.jpg,TS08EZ9463
plate_000978.jpg,TS09EG6565
plate_000979.jpg,TS21J8351
plate_000980.jpg,UK08W2276
plate_000981.jpg,UK07AA2432
plate_000982.jpg,UK06CB4595
plate_000983.jpg,UK185763
plate_000984.jpg,UP23K0008
plate_000985.jpg,UK106679
plate_000986.jpg,UK07055789
plate_000987.jpg,UK07AM5665
plate_000988.jpg,UK07BK5014
plate_000989.jpg,UK06J3953
plate_000990.jpg,UP57H8173
plate_000991.jpg,UP78DB3730
plate_000992.jpg,UP53AK1161
plate_000993.jpg,UP14CV7920
plate_000994.jpg,UP16BD4866
plate_000995.jpg,UP79L0567
plate_000996.jpg,UP32KW7325
plate_000997.jpg,UP32CX3400
plate_000998.jpg,UP45Q3028
plate_000999.jpg,UP85BN4203
plate_001000.jpg,UP14AK8604
plate_001001.jpg,UP52AH9705
plate_001002.jpg,UP11AY0646
plate_001003.jpg,UP78ED0449
plate_001004.jpg,UP27Z7322
plate_001005.jpg,UP32BF3577
plate_001006.jpg,UP14AX9754
plate_001007.jpg,UP70ET7816
plate_001008.jpg,UP32HY6077
plate_001009.jpg,UP14AF3804
plate_001010.jpg,UP80FA1666
plate_001011.jpg,UP16U3849
plate_001012.jpg,UP32EC5577
plate_001013.jpg,UP16AJ0704
plate_001014.jpg,WB26T6688
plate_001015.jpg,WB08A4101
plate_001016.jpg,WB26S5093
plate_001017.jpg,WB26K2760
plate_001018.jpg,WB36G6682
plate_001019.jpg,WB12AX2987
plate_001020.jpg,WB06J9177
plate_001021.jpg,WB02AJ4534
plate_001022.jpg,WB06J2192
plate_001023.jpg,WB061061
plate_001024.jpg,WB02M8447
plate_001025.jpg,WB171717
plate_001026.jpg,WB02W9S3S
plate_001027.jpg,WB20H0271
plate_001028.jpg,WB20AG9041
plate_001029.jpg,WB06H2237
plate_001030.jpg,WB02A03017
plate_001031.jpg,WB02AD4162
plate_001032.jpg,WB02AM8548
plate_001033.jpg,WB70G3763
plate_001034.jpg,WB02X8795
plate_001035.jpg,WB06G4120
plate_001036.jpg,WB02AH4655
plate_001037.jpg,WB06J4432
plate_001038.jpg,WB02AA5580
plate_001039.jpg,MH01DE2780
plate_001040.jpg,MH03AR5549
plate_001041.jpg,MH12FU1014
plate_001042.jpg,MH43AF5037
plate_001043.jpg,MH43BU2401
plate_001044.jpg,MH46BV0688
plate_001045.jpg,MH43BP8173
plate_001046.jpg,MH46AD5258
plate_001047.jpg,MH46AD5258
plate_001048.jpg,MH46BF2342
plate_001049.jpg,MH47N4570
plate_001050.jpg,MH47N4570
plate_001051.jpg,MH47N4570
plate_001052.jpg,MH03DV2010
plate_001053.jpg,MH03DV2010
plate_001054.jpg,MH03DV2010
plate_001055.jpg,MH02EK0837
plate_001056.jpg,MH02EK0837
plate_001057.jpg,MH05DS8679
plate_001058.jpg,MH05DS8679
plate_001059.jpg,MH05DS8679
plate_001060.jpg,MH05DS8679
plate_001061.jpg,MH05DS8679
plate_001062.jpg,MH05DS8679
plate_001063.jpg,MH05DS8679
plate_001064.jpg,MH05DS8679
plate_001065.jpg,MH05DS8679
plate_001066.jpg,MH05DS8679
plate_001067.jpg,MH02EK0837
plate_001068.jpg,MH43AR5466
plate_001069.jpg,MH02EK0837
plate_001070.jpg,MH43AL8464
plate_001071.jpg,MH02EK0837
plate_001072.jpg,MH02EK0837
plate_001073.jpg,MH02EK0837
plate_001074.jpg,GJ15D0564
plate_001075.jpg,GJ15D0564
plate_001076.jpg,MH02EK0837
plate_001077.jpg,DL3CCQ0107
plate_001078.jpg,DL3CCQ0107
plate_001079.jpg,DL3CCQ0107
plate_001080.jpg,DL3CCQ0107
plate_001081.jpg,DL3CCQ0107
plate_001082.jpg,DL3CCQ0107
plate_001083.jpg,DL3CCQ0107
plate_001084.jpg,MH01AU0059
plate_001085.jpg,MH01AU0059
plate_001086.jpg,MH05EJ3005
plate_001087.jpg,MH01AU0059
plate_001088.jpg,MH01AU0059
plate_001089.jpg,MH01AU0059
plate_001090.jpg,MH01AU0059
plate_001091.jpg,MH01AU0059
plate_001092.jpg,MH01AU0059
plate_001093.jpg,MH01AU0059
plate_001094.jpg,MH01AU0059
plate_001095.jpg,MH01AU0059
plate_001096.jpg,MH01AU0059
plate_001097.jpg,MH01AU0059
plate_001098.jpg,MH01AU0059
plate_001099.jpg,MH01AU0059
plate_001100.jpg,MH01AU0059
plate_001101.jpg,MH01AU0059
plate_001102.jpg,MH47Y1124
plate_001103.jpg,MH47Y1124
plate_001104.jpg,MH47Y1124
plate_001105.jpg,MH47Y1124
plate_001106.jpg,MH47Y1124
plate_001107.jpg,MH47Y1124
plate_001108.jpg,MH47Y1124
plate_001109.jpg,MH47Y1124
plate_001110.jpg,MH47Y1124
plate_001111.jpg,MH47Y1124
plate_001112.jpg,MH47Y1124
plate_001113.jpg,MH47Y1124
plate_001114.jpg,MH47Y1124
plate_001115.jpg,MH47Y1124
plate_001116.jpg,MH47Y1124
plate_001117.jpg,MH47Y1124
plate_001118.jpg,MH04EX7505
plate_001119.jpg,MH04EX7505
plate_001120.jpg,MH47Y1124
plate_001121.jpg,MH47Y1124
plate_001122.jpg,MH47Y1124
plate_001123.jpg,MH01DB1477
plate_001124.jpg,MH01DB1477
plate_001125.jpg,MH01DB1477
plate_001126.jpg,MH12RT1105
plate_001127.jpg,MH01DB1477
plate_001128.jpg,MH12RT1105
plate_001129.jpg,MH01DB1477
plate_001130.jpg,MH01DB1477
plate_001131.jpg,MH01DB1477
plate_001132.jpg,MH01DB1477
plate_001133.jpg,MH02EZ2599
plate_001134.jpg,MH02BQ9628
plate_001135.jpg,MH02BQ9628
plate_001136.jpg,MH02BQ9628
plate_001137.jpg,MH02BQ9628
plate_001138.jpg,MH02BQ9628
plate_001139.jpg,MH02BQ9628
plate_001140.jpg,MH02BQ9628
plate_001141.jpg,MH02BQ9628
plate_001142.jpg,MH02BQ9628
plate_001143.jpg,MH02BQ9628
plate_001144.jpg,MH02BQ9628
plate_001145.jpg,MH02BQ9628
plate_001146.jpg,MH02BQ9628
plate_001147.jpg,MH02BQ9628
plate_001148.jpg,MH47Y1124
plate_001149.jpg,MH47Y1124
plate_001150.jpg,MH47Y1124
plate_001151.jpg,MH47Y1124
plate_001152.jpg,MH47Y1124
plate_001153.jpg,MH47Y1124
plate_001154.jpg,MH47Y1124
plate_001155.jpg,MH47Y1124
plate_001156.jpg,MH47Y1124
plate_001157.jpg,MH47Y1124
plate_001158.jpg,MH47Y1124
plate_001159.jpg,MH02DQ0196
plate_001160.jpg,MH02DQ0196
plate_001161.jpg,MH02DQ0196
plate_001162.jpg,MH02DQ0196
plate_001163.jpg,MH47Y1124
plate_001164.jpg,MH47Y1124
plate_001165.jpg,MH47Y1124
plate_001166.jpg,MH47Y1124
plate_001167.jpg,MH47Y1124
plate_001168.jpg,MH43BK9513
plate_001169.jpg,MH47AV6753
plate_001170.jpg,MH47AV6753
plate_001171.jpg,MH43BK9513
plate_001172.jpg,MH47AV6753
plate_001173.jpg,MH47AV6753
plate_001174.jpg,MH47AV6753
plate_001175.jpg,MH47AV6753
plate_001176.jpg,MH47AV6753
plate_001177.jpg,MH47AV6753
plate_001178.jpg,MH47AV6753
plate_001179.jpg,MH47AV6753
plate_001180.jpg,MH47AV6753
plate_001181.jpg,MH12FT9458
plate_001182.jpg,MH04JL5547
plate_001183.jpg,MH04JL5547
plate_001184.jpg,MH04JL5547
plate_001185.jpg,MH47Y1124
plate_001186.jpg,MH47Y1124
plate_001187.jpg,MH47Y1124
plate_001188.jpg,MH47Y1124
plate_001189.jpg,MH03BS4060
plate_001190.jpg,MH03BS4060
plate_001191.jpg,MH03BS4060
plate_001192.jpg,MH03BS4060
plate_001193.jpg,MH03BS4060
plate_001194.jpg,MH03BS4060
plate_001195.jpg,MH03BS4060
plate_001196.jpg,MH03BS4060
plate_001197.jpg,MH03BS4060
plate_001198.jpg,MH03BS4060
plate_001199.jpg,MH03BS4060
plate_001200.jpg,MH03BS4060
plate_001201.jpg,MH03BS4060
plate_001202.jpg,MH03BS4060
plate_001203.jpg,MH03BS4060
plate_001204.jpg,MH03BS4060
plate_001205.jpg,MH02WA8344
plate_001206.jpg,MH04HM4154
plate_001207.jpg,MH04HM4154
plate_001208.jpg,MH04HM4154
plate_001209.jpg,MH02BQ9628
plate_001210.jpg,MH02BQ9628
plate_001211.jpg,MH05DK1018
plate_001212.jpg,MH05DK1018
plate_001213.jpg,MH05DK1018
plate_001214.jpg,MH05DK1018
plate_001215.jpg,MH02BQ9628
plate_001216.jpg,MH02BQ9628
plate_001217.jpg,MH02BQ9628
plate_001218.jpg,MH02BQ9628
plate_001219.jpg,MH03AT3856
plate_001220.jpg,MH03AT3856
plate_001221.jpg,MH03CB0229
plate_001222.jpg,MH03AR7140
plate_001223.jpg,MH03AR7140
plate_001224.jpg,MH04JM8262
plate_001225.jpg,MH03AR7140
plate_001226.jpg,MH03DK2961
plate_001227.jpg,MH03DK2961
plate_001228.jpg,MH03AF1911
plate_001229.jpg,MH01AM9839
plate_001230.jpg,MH01AM9839
plate_001231.jpg,MH02DZ9898
plate_001232.jpg,MH02DZ9898
plate_001233.jpg,MH04JM3383
plate_001234.jpg,MH01DB2561
plate_001235.jpg,MH01DB2561
plate_001236.jpg,MH01BT4302
plate_001237.jpg,MH01BM4824
plate_001238.jpg,MH01BM4824
plate_001239.jpg,MH01BM4824
plate_001240.jpg,MH03DU5196
plate_001241.jpg,MH03DU5196
plate_001242.jpg,MH03DU5196
plate_001243.jpg,MH01DK4867
plate_001244.jpg,MH02CW8226
plate_001245.jpg,MH01DK4867
plate_001246.jpg,MH02CW8226
plate_001247.jpg,MH02MA5324
plate_001248.jpg,MH02MA5324
plate_001249.jpg,MH02MA5324
plate_001250.jpg,MH02MA5324
plate_001251.jpg,MH02MA5324
plate_001252.jpg,MH02MA5324
plate_001253.jpg,MH02MA5324
plate_001254.jpg,MH02MA5324
plate_001255.jpg,MH01AM5810
plate_001256.jpg,MH01AM5810
plate_001257.jpg,MH01AM5810
plate_001258.jpg,MH01AX3070
plate_001259.jpg,MH01AX3070
plate_001260.jpg,MH01AX3070
plate_001261.jpg,MH01AX3070
plate_001262.jpg,MH01AX3070
plate_001263.jpg,MH03CP1328
plate_001264.jpg,MH03CP1328
plate_001265.jpg,MH03CP1328
plate_001266.jpg,MH03CP1328
plate_001267.jpg,MH03CP1328
plate_001268.jpg,MH03CP1328
plate_001269.jpg,MH03CP1328
plate_001270.jpg,MH03CP1328
plate_001271.jpg,MH03CP1328
plate_001272.jpg,MH03CP1328
plate_001273.jpg,MH01AM7014
plate_001274.jpg,MH01AM7014
plate_001275.jpg,MH02DQ0196
plate_001276.jpg,MH02DQ0196
plate_001277.jpg,MH01AX3070
plate_001278.jpg,MH01AX3070
plate_001279.jpg,MH01AX3070
plate_001280.jpg,MH01AX3070
plate_001281.jpg,MH01AX3070
plate_001282.jpg,MH01AX3070
plate_001283.jpg,MH01AX3070
plate_001284.jpg,MH01AX3070
plate_001285.jpg,MH47Y1124
plate_001286.jpg,MH47Y1124
plate_001287.jpg,MH02BG9542
plate_001288.jpg,MH02BG9542
plate_001289.jpg,GJ15CD0564
plate_001290.jpg,GJ15CD0564
plate_001291.jpg,MH02BG9542
plate_001292.jpg,MH02BG9542
plate_001293.jpg,MH02BG9542
plate_001294.jpg,MH02BG9542
plate_001295.jpg,MH02EK4399
plate_001296.jpg,MH01DP5662
plate_001297.jpg,MH02EN6828
plate_001298.jpg,DL8CN6308
plate_001299.jpg,DL8CN6308
plate_001300.jpg,DL8CN6308
plate_001301.jpg,DL8CN6308
plate_001302.jpg,DL8CN6308
plate_001303.jpg,MH02EK4399
plate_001304.jpg,DL8CN6308
plate_001305.jpg,DL8CN6308
plate_001306.jpg,MH47Y0205
plate_001307.jpg,MH02EU4884
plate_001308.jpg,MH47Y0205
plate_001309.jpg,MH47Y0205
plate_001310.jpg,MH47Y0205
plate_001311.jpg,MH02EU4884
plate_001312.jpg,MH02EU4884
plate_001313.jpg,MH02EK5817
plate_001314.jpg,MH02DN8718
plate_001315.jpg,MH03DA4505
plate_001316.jpg,MH02DN8718
plate_001317.jpg,MH02DN8718
plate_001318.jpg,MH02EP4454
plate_001319.jpg,MH02EU4884
plate_001320.jpg,MH02EZ6482
plate_001321.jpg,MH03BS8519
plate_001322.jpg,MH47AG4326
plate_001323.jpg,MH02AQ2299
plate_001324.jpg,MH02AQ2299
plate_001325.jpg,MH02AQ2299
plate_001326.jpg,MH47N2829
plate_001327.jpg,MH47N2829
plate_001328.jpg,MH47N2829
plate_001329.jpg,MH02DN8718
plate_001330.jpg,MH02DN8718
plate_001331.jpg,MH02AQ2299
plate_001332.jpg,MH02DN8718
plate_001333.jpg,MH02AQ2299
plate_001334.jpg,MH02BT6482
plate_001335.jpg,MH02DN8718
plate_001336.jpg,MH02BT6482
plate_001337.jpg,MH02BT6482
plate_001338.jpg,MH02BT6482
plate_001339.jpg,MH02DN8718
plate_001340.jpg,MH02BT6482
plate_001341.jpg,MH04HP6100
plate_001342.jpg,MH04HP6100
plate_001343.jpg,MH02DN8718
plate_001344.jpg,MH01AV8814
plate_001345.jpg,MH01AV8814
plate_001346.jpg,MH02DN8718
plate_001347.jpg,MH01AV8814
plate_001348.jpg,MH01AV8814
plate_001349.jpg,MH02DN8718
plate_001350.jpg,MH02BT6482
plate_001351.jpg,MH02BT6482
plate_001352.jpg,MH02DN8718
plate_001353.jpg,MH02DN8718
plate_001354.jpg,MH02BT6482
plate_001355.jpg,MH02BT6482
plate_001356.jpg,MH02BT6482
plate_001357.jpg,MH02DN8718
plate_001358.jpg,MH02BT6482
plate_001359.jpg,MH02BT6482
plate_001360.jpg,MH02BT6482
plate_001361.jpg,MH02BT6482
plate_001362.jpg,MH02BT6482
plate_001363.jpg,MH02BT6482
plate_001364.jpg,MH02BT6482
plate_001365.jpg,MH02BT6482
plate_001366.jpg,MH02BT6482
plate_001367.jpg,MH02BJ2456
plate_001368.jpg,MH02BJ2456
plate_001369.jpg,MH02BJ2456
plate_001370.jpg,MH02BR4503
plate_001371.jpg,ME02EE4077
plate_001372.jpg,MH02EE8407
plate_001373.jpg,MH02EE8407
plate_001374.jpg,MH02EE8407
plate_001375.jpg,MH02EE8407
plate_001376.jpg,MH02EK4399
plate_001377.jpg,MH02EK4399
plate_001378.jpg,MH02EK4399
plate_001379.jpg,MH02EK4399
plate_001380.jpg,MH02BT6482
plate_001381.jpg,MH02BT6482
plate_001382.jpg,MH02BT6482
plate_001383.jpg,MH02BT6482
plate_001384.jpg,MH02BT6482
plate_001385.jpg,MH02CL4017
plate_001386.jpg,MH02CL4017
plate_001387.jpg,MH02CL4017
plate_001388.jpg,MH14DX9938
plate_001389.jpg,MH14DX9938
plate_001390.jpg,MH14DX9938
plate_001391.jpg,MH14DX9938
plate_001392.jpg,MH14DX9938
plate_001393.jpg,MH02EE8407
plate_001394.jpg,MH02EE8407
plate_001395.jpg,MH02EE8407
plate_001396.jpg,MH02EE8407
plate_001397.jpg,MH02EE8407
plate_001398.jpg,MH02EE8407
plate_001399.jpg,MH02EE8407
plate_001400.jpg,MH02BT6482
plate_001401.jpg,MH02BT6482
plate_001402.jpg,MH02BT6482
plate_001403.jpg,MH02BT6482
plate_001404.jpg,MH02BT6482
plate_001405.jpg,MH02BT6482
plate_001406.jpg,MH02BT6482
plate_001407.jpg,MH02BT6482
plate_001408.jpg,MH02EU4077
plate_001409.jpg,MH02EU4077
plate_001410.jpg,MH02EU4077
plate_001411.jpg,MH02EU4077
plate_001412.jpg,MH02EU4077
plate_001413.jpg,MH02EU4077
plate_001414.jpg,MH02EU4077
plate_001415.jpg,MH02EU4077
plate_001416.jpg,MH01BD2186
plate_001417.jpg,MH01BD2186
plate_001418.jpg,MH02ER9194
plate_001419.jpg,MH02ER9194
plate_001420.jpg,MH02ER9194
plate_001421.jpg,MH02ER9194
plate_001422.jpg,MH02ER9194
plate_001423.jpg,MH02ER9194
plate_001424.jpg,MH02BT6482
plate_001425.jpg,MH02BT6482
plate_001426.jpg,MH02BT6482
plate_001427.jpg,MH02BT6482
plate_001428.jpg,MH02BT6482
plate_001429.jpg,MH02BT6482
plate_001430.jpg,MH02BT6482
plate_001431.jpg,MH02BT6482
plate_001432.jpg,MH02BT6482
plate_001433.jpg,MH14FS5229
plate_001434.jpg,MH01CT1710
plate_001435.jpg,MH14FM6930
plate_001436.jpg,MH02EP5740
plate_001437.jpg,MH02EP5740
plate_001438.jpg,MH02ER9194
plate_001439.jpg,MH02ER9194
plate_001440.jpg,MH02ER9194
plate_001441.jpg,MH02ER9194
plate_001442.jpg,MH02ER9194
plate_001443.jpg,MH02ER9194
plate_001444.jpg,MH02ER9194
plate_001445.jpg,MH02ER9194
plate_001446.jpg,MH02ER9194
plate_001447.jpg,MH02ER9194
plate_001448.jpg,MH02ER9194
plate_001449.jpg,MH02ER9194
plate_001450.jpg,MH02ER9194
plate_001451.jpg,GJ12FA0735
plate_001452.jpg,MH02DS3099
plate_001453.jpg,MH02DS3099
plate_001454.jpg,MH04DW9020
plate_001455.jpg,MH04DW9020
plate_001456.jpg,MH04DW9020
plate_001457.jpg,MH04DW9020
plate_001458.jpg,MH04DW9020
plate_001459.jpg,MH04DW9020
plate_001460.jpg,MH04DW9020
plate_001461.jpg,MH01CT9150
plate_001462.jpg,MH01CT9150
plate_001463.jpg,MH01CT9150
plate_001464.jpg,MH01CT9150
plate_001465.jpg,MH01CT9150
plate_001466.jpg,MH01CT9150
plate_001467.jpg,MH01CT9150
plate_001468.jpg,MH01CT9150
plate_001469.jpg,MH01CT9150
plate_001470.jpg,MH01AH8495
plate_001471.jpg,MH01AH8495
plate_001472.jpg,MH01AH8495
plate_001473.jpg,MH01AH8495
plate_001474.jpg,MH01AH8495
plate_001475.jpg,MH01AH8495
plate_001476.jpg,MH01AH8495
plate_001477.jpg,MH02AK5481
plate_001478.jpg,MH02AK5481
plate_001479.jpg,MH01BU1852
plate_001480.jpg,MH01BU1852
plate_001481.jpg,MH01BU1852
plate_001482.jpg,MH01BU1852
plate_001483.jpg,MH01BU1852
plate_001484.jpg,MH01BU1852
plate_001485.jpg,MH01AV7461
plate_001486.jpg,MH01AV7461
plate_001487.jpg,MH01AV7461
plate_001488.jpg,MH01AV7461
plate_001489.jpg,MH01AV7461
plate_001490.jpg,MH01AV7461
plate_001491.jpg,MH01AV7461
plate_001492.jpg,MH01AV7461
plate_001493.jpg,MH01AV7461
plate_001494.jpg,MH01AV7461
plate_001495.jpg,MH01AV7461
plate_001496.jpg,MH01AV7461
plate_001497.jpg,MH02JA9655
plate_001498.jpg,MH01JA8939
plate_001499.jpg,MH01JA8939
plate_001500.jpg,MH01JA8939
plate_001501.jpg,MH01AX1113
plate_001502.jpg,MH01AX1113
plate_001503.jpg,MH01AL9693
plate_001504.jpg,MH01AL9693
plate_001505.jpg,MH04GM7982
plate_001506.jpg,MH01AL9693
plate_001507.jpg,MH01AL9693
plate_001508.jpg,MH01AL9693
plate_001509.jpg,MH04GM7982
plate_001510.jpg,MH02DJ8952
plate_001511.jpg,MH02DJ8952
plate_001512.jpg,MH02DJ8952
plate_001513.jpg,MH02DJ8952
plate_001514.jpg,MH02DW8021
plate_001515.jpg,MH02DW8021
plate_001516.jpg,MH02DW8021
plate_001517.jpg,MH02DW8021
plate_001518.jpg,MH02DW8021
plate_001519.jpg,MH02DW8021
plate_001520.jpg,MH02DW8021
plate_001521.jpg,MH02DW8021
plate_001522.jpg,MH02DW8021
plate_001523.jpg,MH02DW8021
plate_001524.jpg,MH02DW8021
plate_001525.jpg,MH02DN6980
plate_001526.jpg,MH01BY7658
plate_001527.jpg,MH01BY7658
plate_001528.jpg,MH03CS6266
plate_001529.jpg,MH03CS6266
plate_001530.jpg,MH03CS6266
plate_001531.jpg,MH03CS6266
plate_001532.jpg,MH03CS6266
plate_001533.jpg,MH03CS6266
plate_001534.jpg,MH03CS6266
plate_001535.jpg,MH03CS6266
plate_001536.jpg,MH03CS6266
plate_001537.jpg,MH01CV6333
plate_001538.jpg,MH01CV6333
plate_001539.jpg,MH01CV6333
plate_001540.jpg,MH03CS6266
plate_001541.jpg,MH03CS6266
plate_001542.jpg,MH03CS6266
plate_001543.jpg,MH03CS6266
plate_001544.jpg,MH03CS6266
plate_001545.jpg,MH03CS6266
plate_001546.jpg,MH03CS6266
plate_001547.jpg,MH03CS6266
plate_001548.jpg,MH01CY6333
plate_001549.jpg,MH03CS6266
plate_001550.jpg,MH03CS6266
plate_001551.jpg,MH03CS6266
plate_001552.jpg,MH03CS6266
plate_001553.jpg,MH03CS6266
plate_001554.jpg,MH03CS6266
plate_001555.jpg,MH03CS6266
plate_001556.jpg,MH03CS6266
plate_001557.jpg,MH03CS6266
plate_001558.jpg,MH03CS6266
plate_001559.jpg,MH02DS9365
plate_001560.jpg,MH02DS9365
plate_001561.jpg,MH02DS9365
plate_001562.jpg,MH02DS9365
plate_001563.jpg,MH02DS9365
plate_001564.jpg,MH02DS9365
plate_001565.jpg,MH02DS9365
plate_001566.jpg,MH02DS9365
plate_001567.jpg,MH02DS9365
plate_001568.jpg,MH02DS9365
plate_001569.jpg,MH02DS9365
plate_001570.jpg,MH02DS9365
plate_001571.jpg,MH02DS9365
plate_001572.jpg,MH02DS9365
plate_001573.jpg,MH02DS9365
plate_001574.jpg,MH02DS9365
plate_001575.jpg,PB11AG0774
plate_001576.jpg,PB11AG0774
plate_001577.jpg,PB11AG0774
plate_001578.jpg,MH06AZ3571
plate_001579.jpg,PB11AG0774
plate_001580.jpg,MH01BD1897
plate_001581.jpg,MHD1CV9311
plate_001582.jpg,MHD1CV9311
plate_001583.jpg,PB11AG0774
plate_001584.jpg,MH02DS9365
plate_001585.jpg,MH02DS9365
plate_001586.jpg,MH02DS9365
plate_001587.jpg,MH02DS9365
plate_001588.jpg,MH02DS9365
plate_001589.jpg,MH02DS9365
plate_001590.jpg,MH02DS9365
plate_001591.jpg,MH02DS9365
plate_001592.jpg,MH02DS9365
plate_001593.jpg,MH02DS9365
plate_001594.jpg,MH02DS9365
plate_001595.jpg,MH02DS9365
plate_001596.jpg,MH02DS9365
plate_001597.jpg,MH02DS9365
plate_001598.jpg,MH02DS9365
plate_001599.jpg,MH02DS9365
plate_001600.jpg,MH02DS9365
plate_001601.jpg,MH02DS9365
plate_001602.jpg,MH02CD3654
plate_001603.jpg,MH02CD3654
plate_001604.jpg,MH02EE6842
plate_001605.jpg,MH02EE6842
plate_001606.jpg,MH02EE6842
plate_001607.jpg,MH03AM3025
plate_001608.jpg,MH03AM3025
plate_001609.jpg,MH03AM3025
plate_001610.jpg,MH12DG7144
plate_001611.jpg,MH02CR4364
plate_001612.jpg,MH02CR4364
plate_001613.jpg,MH02CR4364
plate_001614.jpg,MH01BG7161
plate_001615.jpg,MH01BG7161
plate_001616.jpg,MH01BG7161
plate_001617.jpg,MH01BG7161
plate_001618.jpg,MH01BG7161
plate_001619.jpg,MH01BG7161
plate_001620.jpg,MH4705851
plate_001621.jpg,MH4705851
plate_001622.jpg,MH4705851
plate_001623.jpg,MH4705851
plate_001624.jpg,MH4705851
plate_001625.jpg,MH4705851
plate_001626.jpg,MH4705851
plate_001627.jpg,MH4705851
plate_001628.jpg,MH4705851
plate_001629.jpg,MH4705851
plate_001630.jpg,MH4705851
plate_001631.jpg,MH4705851
plate_001632.jpg,MH4705851
plate_001633.jpg,MH4705851
plate_001634.jpg,MH47AZ8323
plate_001635.jpg,MH02EH1077
plate_001636.jpg,MH02CD3654
plate_001637.jpg,MH02CR8276
plate_001638.jpg,MH02CR8276
plate_001639.jpg,MH01BT9066
plate_001640.jpg,MH01BT9066
plate_001641.jpg,MH01BT9066
plate_001642.jpg,MH01BT9066
plate_001643.jpg,MH4705851
plate_001644.jpg,MH02FD6534
plate_001645.jpg,MH4705851
plate_001646.jpg,MH4705851
plate_001647.jpg,MH47AU1306
plate_001648.jpg,MH47AU1306
plate_001649.jpg,MH47AU1306
plate_001650.jpg,MH010PO323
plate_001651.jpg,MH01CR7388
plate_001652.jpg,MH01CR7388
plate_001653.jpg,MH01CR7388
plate_001654.jpg,MH01CR7388
plate_001655.jpg,MH01CR7388
plate_001656.jpg,MH12SF3212
plate_001657.jpg,MH12SF3212
plate_001658.jpg,MH12SF3212
plate_001659.jpg,MH02DS4676
plate_001660.jpg,MH01BT0050
plate_001661.jpg,MH01BT0050
plate_001662.jpg,MH01BT0050
plate_001663.jpg,MH01BT0050
plate_001664.jpg,MH01BT0050
plate_001665.jpg,MH038C6247
plate_001666.jpg,MH02CD7733
plate_001667.jpg,MH02CD7733
plate_001668.jpg,MH04CT3566
plate_001669.jpg,MH04CT3566
plate_001670.jpg,MH04CT3566
plate_001671.jpg,MH04CT3566
plate_001672.jpg,MH01DT1917
plate_001673.jpg,MH01DT1917
plate_001674.jpg,MH01DT1917
plate_001675.jpg,MH01DT1917
plate_001676.jpg,MH01DT1917
plate_001677.jpg,MH01DT1917
plate_001678.jpg,MH02FN2783
plate_001679.jpg,MH02FN2783
plate_001680.jpg,MH02FN2783
plate_001681.jpg,MH02FN2783
plate_001682.jpg,MH48AW0091
plate_001683.jpg,MH02FN2783
plate_001684.jpg,MH02FN2783
plate_001685.jpg,MH02FN2783
plate_001686.jpg,MH02FN2783
plate_001687.jpg,MH02FN2783
plate_001688.jpg,MH01DT1917
plate_001689.jpg,MH01DT1917
plate_001690.jpg,MH01DT1917
plate_001691.jpg,MH01DT1917
plate_001692.jpg,MH01CP2655
